{
    "timestamp": 1742947346.8183215,
    "duration_seconds": 13.601409196853638,
    "domains_scanned": 16,
    "ips_discovered": {
        "ipv4": 24,
        "ipv6": 26
    },
    "working_ips_found": {
        "ipv4": 2,
        "ipv6": 2
    }
}