{
    "timestamp": 1743009272.165144,
    "duration_seconds": 730.6806325912476,
    "domains_scanned": 16,
    "ips_discovered": {
        "ipv4": 24,
        "ipv6": 26
    },
    "working_ips_found": {
        "ipv4": 24,
        "ipv6": 2
    }
}