{
    "timestamp": 1745718196.47816,
    "duration_seconds": 1005.3117597103119,
    "domains_scanned": 28,
    "ips_discovered": {
        "ipv4": 30,
        "ipv6": 32
    },
    "working_ips_found": {
        "ipv4": 30,
        "ipv6": 2
    }
}