{
    "timestamp": 1742857059.8624122,
    "duration_seconds": 1638.7752566337585,
    "domains_scanned": 16,
    "ips_discovered": {
        "ipv4": 90,
        "ipv6": 45
    },
    "working_ips_found": {
        "ipv4": 41,
        "ipv6": 2
    }
}