{
    "timestamp": 1747014205.660823,
    "duration_seconds": 1004.7801616191864,
    "domains_scanned": 28,
    "ips_discovered": {
        "ipv4": 30,
        "ipv6": 32
    },
    "working_ips_found": {
        "ipv4": 30,
        "ipv6": 2
    }
}