{
    "timestamp": 1743076770.3050807,
    "duration_seconds": 1004.8238182067871,
    "domains_scanned": 28,
    "ips_discovered": {
        "ipv4": 30,
        "ipv6": 32
    },
    "working_ips_found": {
        "ipv4": 30,
        "ipv6": 2
    }
}