{
    "timestamp": 1744162600.1419816,
    "duration_seconds": 1006.4216160774231,
    "domains_scanned": 28,
    "ips_discovered": {
        "ipv4": 30,
        "ipv6": 32
    },
    "working_ips_found": {
        "ipv4": 30,
        "ipv6": 2
    }
}