{
    "timestamp": 1745458708.588341,
    "duration_seconds": 1006.988454580307,
    "domains_scanned": 28,
    "ips_discovered": {
        "ipv4": 30,
        "ipv6": 32
    },
    "working_ips_found": {
        "ipv4": 30,
        "ipv6": 2
    }
}