{
    "timestamp": 1742953661.2934396,
    "duration_seconds": 730.7408108711243,
    "domains_scanned": 16,
    "ips_discovered": {
        "ipv4": 24,
        "ipv6": 26
    },
    "working_ips_found": {
        "ipv4": 24,
        "ipv6": 2
    }
}