{
    "timestamp": 1743039005.0159824,
    "duration_seconds": 14542.556138515472,
    "domains_scanned": 28,
    "ips_discovered": {
        "ipv4": 80,
        "ipv6": 50
    },
    "working_ips_found": {
        "ipv4": 61,
        "ipv6": 2
    }
}