{
    "timestamp": 1746323688.7703445,
    "duration_seconds": 1004.7270784378052,
    "domains_scanned": 28,
    "ips_discovered": {
        "ipv4": 30,
        "ipv6": 32
    },
    "working_ips_found": {
        "ipv4": 30,
        "ipv6": 2
    }
}