{
    "timestamp": 1746841056.3175175,
    "duration_seconds": 1005.2864060401917,
    "domains_scanned": 28,
    "ips_discovered": {
        "ipv4": 30,
        "ipv6": 32
    },
    "working_ips_found": {
        "ipv4": 30,
        "ipv6": 2
    }
}