{
    "timestamp": 1745285873.1639926,
    "duration_seconds": 1005.505669593811,
    "domains_scanned": 28,
    "ips_discovered": {
        "ipv4": 30,
        "ipv6": 32
    },
    "working_ips_found": {
        "ipv4": 30,
        "ipv6": 2
    }
}