{
    "timestamp": 1743075371.7981358,
    "duration_seconds": 1005.3654119968414,
    "domains_scanned": 28,
    "ips_discovered": {
        "ipv4": 30,
        "ipv6": 32
    },
    "working_ips_found": {
        "ipv4": 30,
        "ipv6": 2
    }
}