{
    "timestamp": 1745631360.953704,
    "duration_seconds": 1004.9468975067139,
    "domains_scanned": 28,
    "ips_discovered": {
        "ipv4": 30,
        "ipv6": 32
    },
    "working_ips_found": {
        "ipv4": 30,
        "ipv6": 2
    }
}