{
    "timestamp": 1745890740.1936624,
    "duration_seconds": 1006.9552998542786,
    "domains_scanned": 28,
    "ips_discovered": {
        "ipv4": 30,
        "ipv6": 32
    },
    "working_ips_found": {
        "ipv4": 30,
        "ipv6": 2
    }
}