{
    "timestamp": 1743082229.142348,
    "duration_seconds": 1005.5337581634521,
    "domains_scanned": 28,
    "ips_discovered": {
        "ipv4": 30,
        "ipv6": 32
    },
    "working_ips_found": {
        "ipv4": 30,
        "ipv6": 2
    }
}