{
    "timestamp": 1742860673.2085812,
    "duration_seconds": 1406.1997876167297,
    "domains_scanned": 16,
    "ips_discovered": {
        "ipv4": 90,
        "ipv6": 45
    },
    "working_ips_found": {
        "ipv4": 50,
        "ipv6": 2
    }
}