{
    "timestamp": 1744335415.0668895,
    "duration_seconds": 1004.4616389274597,
    "domains_scanned": 28,
    "ips_discovered": {
        "ipv4": 30,
        "ipv6": 32
    },
    "working_ips_found": {
        "ipv4": 30,
        "ipv6": 2
    }
}