{
    "timestamp": 1746582043.6148374,
    "duration_seconds": 1007.2683498859406,
    "domains_scanned": 28,
    "ips_discovered": {
        "ipv4": 30,
        "ipv6": 32
    },
    "working_ips_found": {
        "ipv4": 30,
        "ipv6": 2
    }
}