{
    "timestamp": 1742854592.5155432,
    "duration_seconds": 65.39724636077881,
    "domains_scanned": 16,
    "ips_discovered": {
        "ipv4": 24,
        "ipv6": 26
    },
    "working_ips_found": {
        "ipv4": 20,
        "ipv6": 2
    }
}