{
    "timestamp": 1743385180.7258127,
    "duration_seconds": 1005.2394578456879,
    "domains_scanned": 28,
    "ips_discovered": {
        "ipv4": 30,
        "ipv6": 32
    },
    "working_ips_found": {
        "ipv4": 30,
        "ipv6": 2
    }
}