{
    "timestamp": 1747273117.1290858,
    "duration_seconds": 1005.3577890396118,
    "domains_scanned": 28,
    "ips_discovered": {
        "ipv4": 30,
        "ipv6": 32
    },
    "working_ips_found": {
        "ipv4": 30,
        "ipv6": 2
    }
}