{
    "timestamp": 1743015163.2070212,
    "duration_seconds": 1463.473377943039,
    "domains_scanned": 20,
    "ips_discovered": {
        "ipv4": 40,
        "ipv6": 32
    },
    "working_ips_found": {
        "ipv4": 34,
        "ipv6": 2
    }
}