{
    "timestamp": 1746495600.4554489,
    "duration_seconds": 1005.4833507537842,
    "domains_scanned": 28,
    "ips_discovered": {
        "ipv4": 30,
        "ipv6": 32
    },
    "working_ips_found": {
        "ipv4": 30,
        "ipv6": 2
    }
}