{
    "timestamp": 1743730551.3643072,
    "duration_seconds": 1005.6047940254211,
    "domains_scanned": 28,
    "ips_discovered": {
        "ipv4": 30,
        "ipv6": 32
    },
    "working_ips_found": {
        "ipv4": 30,
        "ipv6": 2
    }
}