{
    "timestamp": 1745372303.098342,
    "duration_seconds": 1007.0977220535278,
    "domains_scanned": 28,
    "ips_discovered": {
        "ipv4": 30,
        "ipv6": 32
    },
    "working_ips_found": {
        "ipv4": 30,
        "ipv6": 2
    }
}