{
    "timestamp": 1745026471.074367,
    "duration_seconds": 1005.5750732421875,
    "domains_scanned": 28,
    "ips_discovered": {
        "ipv4": 30,
        "ipv6": 32
    },
    "working_ips_found": {
        "ipv4": 30,
        "ipv6": 2
    }
}