{
    "timestamp": 1746928382.930845,
    "duration_seconds": 1005.6823959350586,
    "domains_scanned": 28,
    "ips_discovered": {
        "ipv4": 30,
        "ipv6": 32
    },
    "working_ips_found": {
        "ipv4": 30,
        "ipv6": 2
    }
}