{
    "timestamp": 1745977140.3475666,
    "duration_seconds": 1004.6530108451843,
    "domains_scanned": 28,
    "ips_discovered": {
        "ipv4": 30,
        "ipv6": 32
    },
    "working_ips_found": {
        "ipv4": 30,
        "ipv6": 2
    }
}