{
    "timestamp": 1743644160.2164228,
    "duration_seconds": 1005.3547298908234,
    "domains_scanned": 28,
    "ips_discovered": {
        "ipv4": 30,
        "ipv6": 32
    },
    "working_ips_found": {
        "ipv4": 30,
        "ipv6": 2
    }
}