{
    "timestamp": 1743007895.4642434,
    "duration_seconds": 730.6418726444244,
    "domains_scanned": 16,
    "ips_discovered": {
        "ipv4": 24,
        "ipv6": 26
    },
    "working_ips_found": {
        "ipv4": 24,
        "ipv6": 2
    }
}