{
    "timestamp": 1742858940.7750084,
    "duration_seconds": 65.37536883354187,
    "domains_scanned": 16,
    "ips_discovered": {
        "ipv4": 24,
        "ipv6": 26
    },
    "working_ips_found": {
        "ipv4": 24,
        "ipv6": 2
    }
}