{
    "timestamp": 1743903645.811389,
    "duration_seconds": 1005.6239399909973,
    "domains_scanned": 28,
    "ips_discovered": {
        "ipv4": 30,
        "ipv6": 32
    },
    "working_ips_found": {
        "ipv4": 30,
        "ipv6": 2
    }
}