{
    "timestamp": 1743816886.0628393,
    "duration_seconds": 1004.3854703903198,
    "domains_scanned": 28,
    "ips_discovered": {
        "ipv4": 30,
        "ipv6": 32
    },
    "working_ips_found": {
        "ipv4": 30,
        "ipv6": 2
    }
}