{
    "timestamp": 1746149966.8662987,
    "duration_seconds": 1004.9001846313477,
    "domains_scanned": 28,
    "ips_discovered": {
        "ipv4": 30,
        "ipv6": 32
    },
    "working_ips_found": {
        "ipv4": 30,
        "ipv6": 2
    }
}