{
    "timestamp": 1746754829.7033083,
    "duration_seconds": 1007.1696755886078,
    "domains_scanned": 28,
    "ips_discovered": {
        "ipv4": 30,
        "ipv6": 32
    },
    "working_ips_found": {
        "ipv4": 30,
        "ipv6": 2
    }
}