{
    "timestamp": 1743989910.5590837,
    "duration_seconds": 1005.0896294116974,
    "domains_scanned": 28,
    "ips_discovered": {
        "ipv4": 30,
        "ipv6": 32
    },
    "working_ips_found": {
        "ipv4": 30,
        "ipv6": 2
    }
}