{
    "timestamp": 1746236249.2704077,
    "duration_seconds": 1004.809632062912,
    "domains_scanned": 28,
    "ips_discovered": {
        "ipv4": 30,
        "ipv6": 32
    },
    "working_ips_found": {
        "ipv4": 30,
        "ipv6": 2
    }
}