{
    "timestamp": 1745113387.3507218,
    "duration_seconds": 1007.144092798233,
    "domains_scanned": 28,
    "ips_discovered": {
        "ipv4": 30,
        "ipv6": 32
    },
    "working_ips_found": {
        "ipv4": 30,
        "ipv6": 2
    }
}