{
    "timestamp": 1743125715.7334943,
    "duration_seconds": 1008.1125836372375,
    "domains_scanned": 28,
    "ips_discovered": {
        "ipv4": 30,
        "ipv6": 32
    },
    "working_ips_found": {
        "ipv4": 30,
        "ipv6": 2
    }
}