{
    "timestamp": 1744940205.5660408,
    "duration_seconds": 1006.9951946735382,
    "domains_scanned": 28,
    "ips_discovered": {
        "ipv4": 30,
        "ipv6": 32
    },
    "working_ips_found": {
        "ipv4": 30,
        "ipv6": 2
    }
}