{
    "timestamp": 1742995957.2416027,
    "duration_seconds": 730.6880939006805,
    "domains_scanned": 16,
    "ips_discovered": {
        "ipv4": 24,
        "ipv6": 26
    },
    "working_ips_found": {
        "ipv4": 24,
        "ipv6": 2
    }
}