{
    "timestamp": 1745199686.1642005,
    "duration_seconds": 1005.2502927780151,
    "domains_scanned": 28,
    "ips_discovered": {
        "ipv4": 30,
        "ipv6": 32
    },
    "working_ips_found": {
        "ipv4": 30,
        "ipv6": 2
    }
}