{
    "timestamp": 1744853849.769313,
    "duration_seconds": 1005.5214462280273,
    "domains_scanned": 28,
    "ips_discovered": {
        "ipv4": 30,
        "ipv6": 32
    },
    "working_ips_found": {
        "ipv4": 30,
        "ipv6": 2
    }
}