{
    "timestamp": 1742945969.8929868,
    "duration_seconds": 4294.5026433467865,
    "domains_scanned": 16,
    "ips_discovered": {
        "ipv4": 200,
        "ipv6": 100
    },
    "working_ips_found": {
        "ipv4": 2,
        "ipv6": 2
    }
}