{
    "timestamp": 1744421715.781521,
    "duration_seconds": 1005.1178352832794,
    "domains_scanned": 28,
    "ips_discovered": {
        "ipv4": 30,
        "ipv6": 32
    },
    "working_ips_found": {
        "ipv4": 30,
        "ipv6": 2
    }
}