{
    "timestamp": 1747186824.9743185,
    "duration_seconds": 1005.0217509269714,
    "domains_scanned": 28,
    "ips_discovered": {
        "ipv4": 30,
        "ipv6": 32
    },
    "working_ips_found": {
        "ipv4": 30,
        "ipv6": 2
    }
}