{
    "timestamp": 1743298907.858952,
    "duration_seconds": 1005.1309626102448,
    "domains_scanned": 28,
    "ips_discovered": {
        "ipv4": 30,
        "ipv6": 32
    },
    "working_ips_found": {
        "ipv4": 30,
        "ipv6": 2
    }
}