{
    "timestamp": 1747445977.945898,
    "duration_seconds": 1005.0337710380554,
    "domains_scanned": 28,
    "ips_discovered": {
        "ipv4": 30,
        "ipv6": 32
    },
    "working_ips_found": {
        "ipv4": 30,
        "ipv6": 2
    }
}