{
    "timestamp": 1746668464.5573187,
    "duration_seconds": 1009.0776085853577,
    "domains_scanned": 28,
    "ips_discovered": {
        "ipv4": 30,
        "ipv6": 32
    },
    "working_ips_found": {
        "ipv4": 30,
        "ipv6": 2
    }
}