{
    "timestamp": 1744248983.3845947,
    "duration_seconds": 1005.9625990390778,
    "domains_scanned": 28,
    "ips_discovered": {
        "ipv4": 30,
        "ipv6": 32
    },
    "working_ips_found": {
        "ipv4": 30,
        "ipv6": 2
    }
}