{
    "timestamp": 1742850933.9521976,
    "duration_seconds": 65.0000467300415,
    "domains_scanned": 16,
    "ips_discovered": {
        "ipv4": 24,
        "ipv6": 26
    },
    "working_ips_found": {
        "ipv4": 20,
        "ipv6": 2
    }
}