{
    "timestamp": 1745804451.8625958,
    "duration_seconds": 1005.5347716808319,
    "domains_scanned": 28,
    "ips_discovered": {
        "ipv4": 30,
        "ipv6": 32
    },
    "working_ips_found": {
        "ipv4": 30,
        "ipv6": 2
    }
}