{
    "timestamp": 1747359692.1531825,
    "duration_seconds": 1004.9476726055145,
    "domains_scanned": 28,
    "ips_discovered": {
        "ipv4": 30,
        "ipv6": 32
    },
    "working_ips_found": {
        "ipv4": 30,
        "ipv6": 2
    }
}