{
    "timestamp": 1742937211.2048428,
    "duration_seconds": 1787.3836920261383,
    "domains_scanned": 16,
    "ips_discovered": {
        "ipv4": 90,
        "ipv6": 45
    },
    "working_ips_found": {
        "ipv4": 2,
        "ipv6": 2
    }
}