{
    "timestamp": 1743212080.3895762,
    "duration_seconds": 1005.5192894935608,
    "domains_scanned": 28,
    "ips_discovered": {
        "ipv4": 30,
        "ipv6": 32
    },
    "working_ips_found": {
        "ipv4": 30,
        "ipv6": 2
    }
}