{
    "timestamp": 1747100503.6161923,
    "duration_seconds": 1007.1069941520691,
    "domains_scanned": 28,
    "ips_discovered": {
        "ipv4": 30,
        "ipv6": 32
    },
    "working_ips_found": {
        "ipv4": 30,
        "ipv6": 2
    }
}