{
    "timestamp": 1746064478.1044436,
    "duration_seconds": 1005.4539892673492,
    "domains_scanned": 28,
    "ips_discovered": {
        "ipv4": 30,
        "ipv6": 32
    },
    "working_ips_found": {
        "ipv4": 30,
        "ipv6": 2
    }
}