{
    "timestamp": 1743557832.3224523,
    "duration_seconds": 1004.5218584537506,
    "domains_scanned": 28,
    "ips_discovered": {
        "ipv4": 30,
        "ipv6": 32
    },
    "working_ips_found": {
        "ipv4": 30,
        "ipv6": 2
    }
}