{
    "timestamp": 1744681145.4418948,
    "duration_seconds": 1005.3056662082672,
    "domains_scanned": 28,
    "ips_discovered": {
        "ipv4": 30,
        "ipv6": 32
    },
    "working_ips_found": {
        "ipv4": 30,
        "ipv6": 2
    }
}