{
    "timestamp": 1744076178.1289985,
    "duration_seconds": 1004.7979347705841,
    "domains_scanned": 28,
    "ips_discovered": {
        "ipv4": 30,
        "ipv6": 32
    },
    "working_ips_found": {
        "ipv4": 30,
        "ipv6": 2
    }
}