{
    "timestamp": 1744594790.4313629,
    "duration_seconds": 1005.5583834648132,
    "domains_scanned": 28,
    "ips_discovered": {
        "ipv4": 30,
        "ipv6": 32
    },
    "working_ips_found": {
        "ipv4": 30,
        "ipv6": 2
    }
}