{
    "timestamp": 1745545150.3115778,
    "duration_seconds": 1005.3689303398132,
    "domains_scanned": 28,
    "ips_discovered": {
        "ipv4": 30,
        "ipv6": 32
    },
    "working_ips_found": {
        "ipv4": 30,
        "ipv6": 2
    }
}