{
    "timestamp": 1743012182.7604492,
    "duration_seconds": 730.3361220359802,
    "domains_scanned": 16,
    "ips_discovered": {
        "ipv4": 24,
        "ipv6": 26
    },
    "working_ips_found": {
        "ipv4": 24,
        "ipv6": 2
    }
}