{
    "timestamp": 1742947716.2141852,
    "duration_seconds": 13.684536695480347,
    "domains_scanned": 16,
    "ips_discovered": {
        "ipv4": 24,
        "ipv6": 26
    },
    "working_ips_found": {
        "ipv4": 2,
        "ipv6": 2
    }
}