{
    "timestamp": 1743471890.7350178,
    "duration_seconds": 1004.8390247821808,
    "domains_scanned": 28,
    "ips_discovered": {
        "ipv4": 30,
        "ipv6": 32
    },
    "working_ips_found": {
        "ipv4": 30,
        "ipv6": 2
    }
}