{
    "timestamp": 1746409364.3943462,
    "duration_seconds": 1005.6558349132538,
    "domains_scanned": 28,
    "ips_discovered": {
        "ipv4": 30,
        "ipv6": 32
    },
    "working_ips_found": {
        "ipv4": 30,
        "ipv6": 2
    }
}